epoch,wall_time_s,train_loss,train_soft_loss,train_hard_loss,train_acc,val_loss,val_soft_loss,val_hard_loss,val_acc,student_logits_std,teacher_logits_std,teacher_std_over_T
1,90.8,7.857974,10.701962,1.222002,0.523,4.574868,6.088502,1.043056,0.7203,4.0768,5.9709,1.4927
2,91.09,4.09685,5.472277,0.88752,0.7613,3.790048,5.046272,0.858859,0.7709,5.141,5.9715,1.4929
3,90.69,3.869089,5.15343,0.872294,0.7761,3.535887,4.708323,0.800202,0.7997,5.2645,5.9737,1.4934
4,92.04,3.623287,4.817222,0.83744,0.7886,4.311586,5.680782,1.116795,0.7629,5.356,5.9771,1.4943
5,91.48,3.316737,4.41788,0.747403,0.8054,3.334855,4.420489,0.80171,0.7971,5.4424,5.9744,1.4936
6,88.91,3.140774,4.184236,0.706029,0.8168,3.182188,4.243299,0.706263,0.8075,5.5356,5.9752,1.4938
7,88.29,3.014363,4.017487,0.673741,0.8209,2.939907,3.91061,0.674933,0.8264,5.6249,5.9652,1.4913
8,91.39,2.856047,3.803911,0.644366,0.829,2.678779,3.612433,0.500253,0.8491,5.6598,5.9715,1.4929
9,90.69,2.765217,3.68162,0.626944,0.8354,2.559606,3.399639,0.599527,0.8469,5.6863,5.975,1.4938
10,92.41,2.611832,3.466306,0.61806,0.8475,2.606417,3.426962,0.691813,0.8531,5.6953,5.9753,1.4938
11,91.47,2.542081,3.366746,0.617863,0.8529,2.218826,2.927976,0.564141,0.8789,5.721,5.9731,1.4933
12,93.2,2.490617,3.294542,0.614793,0.8578,2.768193,3.643017,0.726937,0.8429,5.7241,5.9736,1.4934
13,92.4,2.414845,3.196559,0.590846,0.8595,2.412076,3.186528,0.605022,0.8595,5.7352,5.9725,1.4931
14,92.62,2.350085,3.110976,0.574674,0.8665,2.256903,3.010373,0.498806,0.8717,5.7384,5.9708,1.4927
15,90.77,2.231083,2.95469,0.542667,0.8715,2.313323,3.045962,0.603831,0.8725,5.7403,5.9716,1.4929
16,92.03,2.213911,2.928045,0.547597,0.8724,2.622254,3.418941,0.763317,0.8533,5.7569,5.9748,1.4937
17,92.11,2.158676,2.85528,0.533269,0.8734,2.089387,2.755885,0.534225,0.88,5.7527,5.9789,1.4947
18,91.32,2.152119,2.846254,0.53247,0.8757,2.906835,3.820339,0.775325,0.8211,5.7689,5.9724,1.4931
19,89.77,2.059789,2.721666,0.515409,0.8813,2.325078,3.076163,0.572549,0.8733,5.7632,5.9704,1.4926
20,89.95,1.938219,2.557691,0.492785,0.8867,2.317857,3.037404,0.638915,0.8773,5.7489,5.9711,1.4928
21,90.35,1.858679,2.451138,0.476277,0.8923,1.860511,2.445876,0.494657,0.8963,5.7588,5.9715,1.4929
22,88.92,1.759271,2.314735,0.463188,0.899,1.897532,2.467399,0.567842,0.8973,5.7579,5.9768,1.4942
23,91.97,1.737155,2.282253,0.46526,0.9019,1.371024,1.812012,0.342052,0.9203,5.765,5.9753,1.4938
24,90.87,1.637875,2.153099,0.435684,0.9058,1.485044,1.951955,0.395586,0.9112,5.7765,5.9731,1.4933
25,89.09,1.566894,2.059307,0.417931,0.9099,1.575674,2.059131,0.447608,0.9104,5.7709,5.9744,1.4936
26,92.25,1.56291,2.052209,0.421213,0.9113,1.363185,1.785434,0.377939,0.9197,5.7701,5.9709,1.4927
27,90.3,1.485727,1.944093,0.416207,0.9156,1.214925,1.590252,0.339162,0.9283,5.766,5.9707,1.4927
28,92.03,1.397839,1.828525,0.392905,0.9185,1.301918,1.700978,0.37078,0.9227,5.7657,5.9657,1.4914
29,90.02,1.427086,1.869499,0.394789,0.915,1.687428,2.225238,0.432538,0.8987,5.7699,5.974,1.4935
30,91.78,1.367424,1.793152,0.374059,0.922,1.261414,1.633035,0.3943,0.9301,5.785,5.9777,1.4944
31,91.87,1.352863,1.771634,0.375732,0.9207,1.629214,2.115062,0.495569,0.9053,5.778,5.9734,1.4934
32,90.06,1.335052,1.747582,0.372481,0.9238,2.151177,2.797372,0.643387,0.8819,5.7706,5.9724,1.4931
33,88.61,1.321396,1.726194,0.37687,0.9236,1.731999,2.261693,0.496047,0.9021,5.7812,5.9702,1.4926
34,89.02,1.312996,1.7151,0.374754,0.922,1.176047,1.545558,0.313853,0.9285,5.7776,5.9684,1.4921
35,90.36,1.344206,1.7606,0.372619,0.9219,1.448202,1.887632,0.422866,0.9176,5.7766,5.9746,1.4936
36,89.67,1.236383,1.617291,0.347598,0.928,1.205627,1.582815,0.325522,0.9309,5.7859,5.9725,1.4931
37,91.95,1.252301,1.638096,0.352112,0.9258,1.288453,1.683769,0.366049,0.9283,5.7852,5.9771,1.4943
38,91.01,1.181399,1.546131,0.330357,0.9324,0.997929,1.30456,0.282456,0.9419,5.7857,5.9759,1.494
39,88.57,1.228995,1.607317,0.346243,0.9277,1.30301,1.701455,0.373304,0.928,5.7904,5.9744,1.4936
40,90.94,1.153403,1.507081,0.328155,0.9342,1.002102,1.303284,0.299346,0.9408,5.7906,5.9706,1.4926
41,90.87,1.156801,1.514253,0.322745,0.9341,0.960897,1.250239,0.285767,0.9461,5.7805,5.9732,1.4933
42,90.58,1.129187,1.4741,0.324389,0.9353,1.165012,1.501118,0.380763,0.9344,5.7842,5.9727,1.4932
43,91.99,1.113789,1.453144,0.32196,0.937,1.157433,1.505046,0.346338,0.928,5.7837,5.9705,1.4926
44,89.43,1.102267,1.440009,0.314202,0.9346,1.097008,1.431374,0.316822,0.9373,5.795,5.9802,1.4951
45,91.93,1.05571,1.380709,0.29738,0.9394,1.230867,1.599377,0.371013,0.9373,5.8097,5.9708,1.4927
46,91.66,1.070907,1.39595,0.312474,0.9405,0.876235,1.148908,0.24,0.9485,5.7991,5.9792,1.4948
47,91.41,1.092604,1.427875,0.310303,0.9381,0.942522,1.230893,0.269656,0.9467,5.8006,5.9762,1.494
48,90.29,1.046947,1.367949,0.297945,0.9406,1.068792,1.376624,0.350517,0.9365,5.7926,5.9757,1.4939
49,88.73,1.001542,1.306327,0.290378,0.9426,0.935831,1.217719,0.278091,0.9467,5.8013,5.9704,1.4926
50,90.97,1.047046,1.366263,0.302207,0.9416,1.040799,1.352236,0.314111,0.9408,5.8103,5.9807,1.4952
51,89.26,1.044281,1.362274,0.302295,0.9391,1.048034,1.360786,0.31828,0.9392,5.7987,5.9746,1.4936
52,89.59,0.97891,1.279677,0.27712,0.9457,0.999875,1.31172,0.272235,0.9384,5.8018,5.9739,1.4935
53,90.79,0.957793,1.251593,0.27226,0.9441,1.067661,1.390201,0.315068,0.9408,5.8044,5.9733,1.4933
54,90.13,0.970324,1.267042,0.277981,0.9453,1.030222,1.334516,0.320201,0.9456,5.7922,5.9668,1.4917
55,88.95,0.920514,1.200161,0.268003,0.9464,1.319592,1.699285,0.433641,0.9328,5.8116,5.9755,1.4939
56,91.88,0.92315,1.205697,0.263874,0.9465,1.071684,1.389928,0.329113,0.9403,5.8056,5.9703,1.4926
57,90.89,0.89727,1.172329,0.255467,0.9495,1.43542,1.861243,0.441833,0.932,5.7998,5.9694,1.4924
58,88.66,0.948232,1.234122,0.281155,0.9481,0.827785,1.08004,0.23919,0.9547,5.7972,5.9673,1.4918
59,89.06,0.924357,1.207705,0.263211,0.9467,0.873816,1.148272,0.233417,0.9488,5.8087,5.9756,1.4939
60,89.5,0.879522,1.149444,0.249704,0.9505,1.451457,1.879873,0.451819,0.9272,5.802,5.9664,1.4916
